{
  "train_samples": 80,
  "test_samples": 30,
  "num_emitters": 3,
  "epochs": 15,
  "results": [
    {
      "modality_set": "pdw",
      "label": "PDW only",
      "active_modalities": [
        "pdw"
      ],
      "ari": 0.14825773493181724,
      "nmi": 0.18238511854440526,
      "purity": 0.5,
      "v_measure": 0.18238511854440526,
      "pairwise_f1": 0.43196143863552094,
      "n_clusters_pred": 3,
      "n_clusters_true": 3,
      "cluster_count_error": 0,
      "noise_ratio": 0.0,
      "sample_true_labels": [
        0,
        1,
        2,
        2,
        2,
        0,
        2,
        2,
        0,
        2,
        2,
        1,
        2,
        0,
        2,
        2,
        0,
        2,
        2,
        0,
        2,
        2,
        1,
        2,
        0,
        2,
        2,
        0,
        2,
        2,
        0,
        2,
        1,
        2,
        2,
        0,
        2,
        2,
        0,
        2,
        2,
        2,
        0,
        1,
        2,
        2,
        0,
        2,
        0,
        1,
        0,
        0,
        0,
        1,
        0,
        0,
        1,
        0,
        0,
        0,
        1,
        0,
        0,
        0,
        1,
        0,
        0,
        1,
        0,
        0,
        0,
        1,
        1,
        1,
        1,
        1,
        1,
        1,
        1,
        1,
        1,
        1,
        1,
        1,
        1,
        1,
        1,
        1,
        1,
        1
      ],
      "sample_pred_labels": [
        0,
        2,
        1,
        1,
        1,
        0,
        1,
        1,
        0,
        1,
        1,
        2,
        1,
        0,
        1,
        1,
        0,
        1,
        1,
        0,
        1,
        1,
        2,
        1,
        0,
        1,
        1,
        0,
        1,
        1,
        0,
        1,
        2,
        1,
        1,
        0,
        1,
        1,
        0,
        1,
        1,
        1,
        0,
        2,
        1,
        1,
        0,
        1,
        0,
        2,
        0,
        0,
        0,
        2,
        0,
        0,
        2,
        0,
        0,
        0,
        2,
        0,
        0,
        0,
        2,
        0,
        0,
        2,
        0,
        0,
        0,
        2,
        2,
        2,
        2,
        2,
        2,
        2,
        2,
        2,
        2,
        2,
        2,
        2,
        2,
        2,
        2,
        2,
        2,
        2
      ]
    },
    {
      "modality_set": "pdw_iq",
      "label": "PDW + IQ",
      "active_modalities": [
        "pdw",
        "iq"
      ],
      "ari": 0.4153681998358929,
      "nmi": 0.4167250603355148,
      "purity": 0.7241379310344828,
      "v_measure": 0.4167250603355149,
      "pairwise_f1": 0.610196855268045,
      "n_clusters_pred": 3,
      "n_clusters_true": 3,
      "cluster_count_error": 0,
      "noise_ratio": 0.0011111111111111111,
      "sample_true_labels": [
        0,
        1,
        2,
        2,
        2,
        0,
        2,
        2,
        0,
        2,
        2,
        1,
        2,
        0,
        2,
        2,
        0,
        2,
        2,
        0,
        2,
        2,
        1,
        2,
        0,
        2,
        2,
        0,
        2,
        2,
        0,
        2,
        1,
        2,
        2,
        0,
        2,
        2,
        0,
        2,
        2,
        2,
        0,
        1,
        2,
        2,
        0,
        2,
        0,
        1,
        0,
        0,
        0,
        1,
        0,
        0,
        1,
        0,
        0,
        0,
        1,
        0,
        0,
        0,
        1,
        0,
        0,
        1,
        0,
        0,
        0,
        1,
        1,
        1,
        1,
        1,
        1,
        1,
        1,
        1,
        1,
        1,
        1,
        1,
        1,
        1,
        1,
        1,
        1,
        1
      ],
      "sample_pred_labels": [
        0,
        1,
        2,
        2,
        2,
        0,
        2,
        2,
        0,
        2,
        2,
        1,
        2,
        0,
        2,
        2,
        0,
        2,
        2,
        0,
        2,
        2,
        1,
        2,
        0,
        2,
        2,
        0,
        2,
        2,
        0,
        2,
        1,
        2,
        2,
        0,
        2,
        2,
        0,
        2,
        2,
        2,
        0,
        1,
        2,
        2,
        0,
        2,
        0,
        1,
        0,
        0,
        0,
        1,
        0,
        0,
        1,
        0,
        0,
        0,
        1,
        0,
        0,
        0,
        1,
        0,
        0,
        1,
        0,
        0,
        0,
        1,
        1,
        1,
        1,
        1,
        1,
        1,
        1,
        1,
        1,
        1,
        1,
        1,
        1,
        1,
        1,
        1,
        1,
        1
      ]
    },
    {
      "modality_set": "full",
      "label": "PDW + IQ + Spectrum",
      "active_modalities": [
        "pdw",
        "iq",
        "spectrum"
      ],
      "ari": 0.5063008280805834,
      "nmi": 0.4689509810205754,
      "purity": 0.8,
      "v_measure": 0.4689509810205754,
      "pairwise_f1": 0.6707452725250278,
      "n_clusters_pred": 3,
      "n_clusters_true": 3,
      "cluster_count_error": 0,
      "noise_ratio": 0.0,
      "sample_true_labels": [
        0,
        1,
        2,
        2,
        2,
        0,
        2,
        2,
        0,
        2,
        2,
        1,
        2,
        0,
        2,
        2,
        0,
        2,
        2,
        0,
        2,
        2,
        1,
        2,
        0,
        2,
        2,
        0,
        2,
        2,
        0,
        2,
        1,
        2,
        2,
        0,
        2,
        2,
        0,
        2,
        2,
        2,
        0,
        1,
        2,
        2,
        0,
        2,
        0,
        1,
        0,
        0,
        0,
        1,
        0,
        0,
        1,
        0,
        0,
        0,
        1,
        0,
        0,
        0,
        1,
        0,
        0,
        1,
        0,
        0,
        0,
        1,
        1,
        1,
        1,
        1,
        1,
        1,
        1,
        1,
        1,
        1,
        1,
        1,
        1,
        1,
        1,
        1,
        1,
        1
      ],
      "sample_pred_labels": [
        0,
        1,
        2,
        2,
        2,
        0,
        2,
        2,
        0,
        2,
        2,
        1,
        2,
        0,
        2,
        2,
        0,
        2,
        2,
        0,
        2,
        2,
        1,
        2,
        0,
        2,
        2,
        0,
        2,
        2,
        0,
        2,
        1,
        2,
        2,
        0,
        2,
        2,
        0,
        2,
        2,
        2,
        0,
        1,
        2,
        2,
        0,
        2,
        0,
        1,
        0,
        0,
        0,
        1,
        0,
        0,
        1,
        0,
        0,
        0,
        1,
        0,
        0,
        0,
        1,
        0,
        0,
        1,
        0,
        0,
        0,
        1,
        1,
        1,
        1,
        1,
        1,
        1,
        1,
        1,
        1,
        1,
        1,
        1,
        1,
        1,
        1,
        1,
        1,
        1
      ]
    }
  ]
}